{
  "best_metric": 1.2226687669754028,
  "best_model_checkpoint": "drive/MyDrive/Colab Notebooks/icd/results/checkpoint-49500",
  "epoch": 2.490163852781513,
  "global_step": 50000,
  "is_hyper_param_search": false,
  "is_local_process_zero": true,
  "is_world_process_zero": true,
  "log_history": [
    {
      "epoch": 0.02,
      "learning_rate": 5e-05,
      "loss": 6.2149,
      "step": 500
    },
    {
      "epoch": 0.02,
      "eval_accuracy": 0.05718732490817406,
      "eval_loss": 5.458285331726074,
      "eval_runtime": 100.7987,
      "eval_samples_per_second": 796.786,
      "eval_steps_per_second": 39.842,
      "step": 500
    },
    {
      "epoch": 0.05,
      "learning_rate": 4.958149890352713e-05,
      "loss": 5.2072,
      "step": 1000
    },
    {
      "epoch": 0.05,
      "eval_accuracy": 0.18373902757890806,
      "eval_loss": 4.814113616943359,
      "eval_runtime": 101.0251,
      "eval_samples_per_second": 795.001,
      "eval_steps_per_second": 39.752,
      "step": 1000
    },
    {
      "epoch": 0.07,
      "learning_rate": 4.9162997807054254e-05,
      "loss": 4.4566,
      "step": 1500
    },
    {
      "epoch": 0.07,
      "eval_accuracy": 0.2864222125381311,
      "eval_loss": 4.104886054992676,
      "eval_runtime": 101.172,
      "eval_samples_per_second": 793.846,
      "eval_steps_per_second": 39.695,
      "step": 1500
    },
    {
      "epoch": 0.1,
      "learning_rate": 4.8744496710581384e-05,
      "loss": 3.8264,
      "step": 2000
    },
    {
      "epoch": 0.1,
      "eval_accuracy": 0.38987735790325595,
      "eval_loss": 3.5985019207000732,
      "eval_runtime": 100.9763,
      "eval_samples_per_second": 795.385,
      "eval_steps_per_second": 39.772,
      "step": 2000
    },
    {
      "epoch": 0.12,
      "learning_rate": 4.832599561410851e-05,
      "loss": 3.3959,
      "step": 2500
    },
    {
      "epoch": 0.12,
      "eval_accuracy": 0.45341467969868643,
      "eval_loss": 3.2133853435516357,
      "eval_runtime": 101.3569,
      "eval_samples_per_second": 792.398,
      "eval_steps_per_second": 39.622,
      "step": 2500
    },
    {
      "epoch": 0.15,
      "learning_rate": 4.7907494517635636e-05,
      "loss": 3.0521,
      "step": 3000
    },
    {
      "epoch": 0.15,
      "eval_accuracy": 0.49424142439145863,
      "eval_loss": 2.913888692855835,
      "eval_runtime": 101.1086,
      "eval_samples_per_second": 794.344,
      "eval_steps_per_second": 39.72,
      "step": 3000
    },
    {
      "epoch": 0.17,
      "learning_rate": 4.7488993421162765e-05,
      "loss": 2.8008,
      "step": 3500
    },
    {
      "epoch": 0.17,
      "eval_accuracy": 0.5041523999252941,
      "eval_loss": 2.688319206237793,
      "eval_runtime": 101.1709,
      "eval_samples_per_second": 793.855,
      "eval_steps_per_second": 39.695,
      "step": 3500
    },
    {
      "epoch": 0.2,
      "learning_rate": 4.707049232468989e-05,
      "loss": 2.5787,
      "step": 4000
    },
    {
      "epoch": 0.2,
      "eval_accuracy": 0.5213596463923302,
      "eval_loss": 2.5095770359039307,
      "eval_runtime": 100.929,
      "eval_samples_per_second": 795.757,
      "eval_steps_per_second": 39.79,
      "step": 4000
    },
    {
      "epoch": 0.22,
      "learning_rate": 4.665199122821702e-05,
      "loss": 2.4389,
      "step": 4500
    },
    {
      "epoch": 0.22,
      "eval_accuracy": 0.5475689472701238,
      "eval_loss": 2.3451788425445557,
      "eval_runtime": 101.1143,
      "eval_samples_per_second": 794.299,
      "eval_steps_per_second": 39.717,
      "step": 4500
    },
    {
      "epoch": 0.25,
      "learning_rate": 4.623349013174415e-05,
      "loss": 2.3297,
      "step": 5000
    },
    {
      "epoch": 0.25,
      "eval_accuracy": 0.5546909045632821,
      "eval_loss": 2.2322566509246826,
      "eval_runtime": 100.9704,
      "eval_samples_per_second": 795.431,
      "eval_steps_per_second": 39.774,
      "step": 5000
    },
    {
      "epoch": 0.27,
      "learning_rate": 4.581498903527127e-05,
      "loss": 2.1921,
      "step": 5500
    },
    {
      "epoch": 0.27,
      "eval_accuracy": 0.5632571748739339,
      "eval_loss": 2.14223051071167,
      "eval_runtime": 101.1025,
      "eval_samples_per_second": 794.392,
      "eval_steps_per_second": 39.722,
      "step": 5500
    },
    {
      "epoch": 0.3,
      "learning_rate": 4.5396487938798406e-05,
      "loss": 2.0934,
      "step": 6000
    },
    {
      "epoch": 0.3,
      "eval_accuracy": 0.5784847164290605,
      "eval_loss": 2.0536508560180664,
      "eval_runtime": 101.0766,
      "eval_samples_per_second": 794.595,
      "eval_steps_per_second": 39.732,
      "step": 6000
    },
    {
      "epoch": 0.32,
      "learning_rate": 4.497798684232553e-05,
      "loss": 2.0132,
      "step": 6500
    },
    {
      "epoch": 0.32,
      "eval_accuracy": 0.5866027516653178,
      "eval_loss": 1.97031569480896,
      "eval_runtime": 101.1729,
      "eval_samples_per_second": 793.839,
      "eval_steps_per_second": 39.694,
      "step": 6500
    },
    {
      "epoch": 0.35,
      "learning_rate": 4.455948574585266e-05,
      "loss": 1.9378,
      "step": 7000
    },
    {
      "epoch": 0.35,
      "eval_accuracy": 0.5953059826931457,
      "eval_loss": 1.9111483097076416,
      "eval_runtime": 100.9483,
      "eval_samples_per_second": 795.605,
      "eval_steps_per_second": 39.783,
      "step": 7000
    },
    {
      "epoch": 0.37,
      "learning_rate": 4.414098464937979e-05,
      "loss": 1.8988,
      "step": 7500
    },
    {
      "epoch": 0.37,
      "eval_accuracy": 0.6083546037477433,
      "eval_loss": 1.8607033491134644,
      "eval_runtime": 101.2097,
      "eval_samples_per_second": 793.55,
      "eval_steps_per_second": 39.68,
      "step": 7500
    },
    {
      "epoch": 0.4,
      "learning_rate": 4.372248355290691e-05,
      "loss": 1.8595,
      "step": 8000
    },
    {
      "epoch": 0.4,
      "eval_accuracy": 0.6106082300940049,
      "eval_loss": 1.8005610704421997,
      "eval_runtime": 101.1403,
      "eval_samples_per_second": 794.095,
      "eval_steps_per_second": 39.707,
      "step": 8000
    },
    {
      "epoch": 0.42,
      "learning_rate": 4.330398245643404e-05,
      "loss": 1.8389,
      "step": 8500
    },
    {
      "epoch": 0.42,
      "eval_accuracy": 0.6147917574550209,
      "eval_loss": 1.7617576122283936,
      "eval_runtime": 101.1331,
      "eval_samples_per_second": 794.151,
      "eval_steps_per_second": 39.71,
      "step": 8500
    },
    {
      "epoch": 0.45,
      "learning_rate": 4.288548135996117e-05,
      "loss": 1.7678,
      "step": 9000
    },
    {
      "epoch": 0.45,
      "eval_accuracy": 0.618639108510241,
      "eval_loss": 1.7334837913513184,
      "eval_runtime": 100.9764,
      "eval_samples_per_second": 795.384,
      "eval_steps_per_second": 39.772,
      "step": 9000
    },
    {
      "epoch": 0.47,
      "learning_rate": 4.246698026348829e-05,
      "loss": 1.7257,
      "step": 9500
    },
    {
      "epoch": 0.47,
      "eval_accuracy": 0.6262466538006599,
      "eval_loss": 1.6888664960861206,
      "eval_runtime": 101.291,
      "eval_samples_per_second": 792.913,
      "eval_steps_per_second": 39.648,
      "step": 9500
    },
    {
      "epoch": 0.5,
      "learning_rate": 4.204847916701542e-05,
      "loss": 1.6991,
      "step": 10000
    },
    {
      "epoch": 0.5,
      "eval_accuracy": 0.6301313577787462,
      "eval_loss": 1.660500407218933,
      "eval_runtime": 101.1037,
      "eval_samples_per_second": 794.383,
      "eval_steps_per_second": 39.722,
      "step": 10000
    },
    {
      "epoch": 0.52,
      "learning_rate": 4.162997807054255e-05,
      "loss": 1.6776,
      "step": 10500
    },
    {
      "epoch": 0.52,
      "eval_accuracy": 0.6357841001058333,
      "eval_loss": 1.6300808191299438,
      "eval_runtime": 101.0464,
      "eval_samples_per_second": 794.833,
      "eval_steps_per_second": 39.744,
      "step": 10500
    },
    {
      "epoch": 0.55,
      "learning_rate": 4.121147697406967e-05,
      "loss": 1.6143,
      "step": 11000
    },
    {
      "epoch": 0.55,
      "eval_accuracy": 0.6345888065741144,
      "eval_loss": 1.6074429750442505,
      "eval_runtime": 100.882,
      "eval_samples_per_second": 796.128,
      "eval_steps_per_second": 39.809,
      "step": 11000
    },
    {
      "epoch": 0.57,
      "learning_rate": 4.07929758775968e-05,
      "loss": 1.5861,
      "step": 11500
    },
    {
      "epoch": 0.57,
      "eval_accuracy": 0.6402539998754903,
      "eval_loss": 1.584488034248352,
      "eval_runtime": 101.2365,
      "eval_samples_per_second": 793.341,
      "eval_steps_per_second": 39.669,
      "step": 11500
    },
    {
      "epoch": 0.6,
      "learning_rate": 4.0374474781123924e-05,
      "loss": 1.5944,
      "step": 12000
    },
    {
      "epoch": 0.6,
      "eval_accuracy": 0.6427939986303929,
      "eval_loss": 1.5660197734832764,
      "eval_runtime": 101.0373,
      "eval_samples_per_second": 794.904,
      "eval_steps_per_second": 39.748,
      "step": 12000
    },
    {
      "epoch": 0.62,
      "learning_rate": 3.9955973684651054e-05,
      "loss": 1.5777,
      "step": 12500
    },
    {
      "epoch": 0.62,
      "eval_accuracy": 0.6437029197534707,
      "eval_loss": 1.5511291027069092,
      "eval_runtime": 101.3467,
      "eval_samples_per_second": 792.478,
      "eval_steps_per_second": 39.626,
      "step": 12500
    },
    {
      "epoch": 0.65,
      "learning_rate": 3.953747258817818e-05,
      "loss": 1.4946,
      "step": 13000
    },
    {
      "epoch": 0.65,
      "eval_accuracy": 0.6456328207682251,
      "eval_loss": 1.5336354970932007,
      "eval_runtime": 101.0598,
      "eval_samples_per_second": 794.728,
      "eval_steps_per_second": 39.739,
      "step": 13000
    },
    {
      "epoch": 0.67,
      "learning_rate": 3.9118971491705306e-05,
      "loss": 1.5098,
      "step": 13500
    },
    {
      "epoch": 0.67,
      "eval_accuracy": 0.6477868393201768,
      "eval_loss": 1.5159302949905396,
      "eval_runtime": 101.1674,
      "eval_samples_per_second": 793.882,
      "eval_steps_per_second": 39.697,
      "step": 13500
    },
    {
      "epoch": 0.7,
      "learning_rate": 3.8700470395232435e-05,
      "loss": 1.4895,
      "step": 14000
    },
    {
      "epoch": 0.7,
      "eval_accuracy": 0.6476249766544232,
      "eval_loss": 1.500292420387268,
      "eval_runtime": 101.1981,
      "eval_samples_per_second": 793.641,
      "eval_steps_per_second": 39.685,
      "step": 14000
    },
    {
      "epoch": 0.72,
      "learning_rate": 3.8281969298759565e-05,
      "loss": 1.518,
      "step": 14500
    },
    {
      "epoch": 0.72,
      "eval_accuracy": 0.6521944842183901,
      "eval_loss": 1.4839686155319214,
      "eval_runtime": 101.195,
      "eval_samples_per_second": 793.665,
      "eval_steps_per_second": 39.686,
      "step": 14500
    },
    {
      "epoch": 0.75,
      "learning_rate": 3.786346820228669e-05,
      "loss": 1.4754,
      "step": 15000
    },
    {
      "epoch": 0.75,
      "eval_accuracy": 0.6537259540559048,
      "eval_loss": 1.4810855388641357,
      "eval_runtime": 101.0659,
      "eval_samples_per_second": 794.68,
      "eval_steps_per_second": 39.736,
      "step": 15000
    },
    {
      "epoch": 0.77,
      "learning_rate": 3.744496710581382e-05,
      "loss": 1.5337,
      "step": 15500
    },
    {
      "epoch": 0.77,
      "eval_accuracy": 0.6547718358961588,
      "eval_loss": 1.459919810295105,
      "eval_runtime": 101.2004,
      "eval_samples_per_second": 793.623,
      "eval_steps_per_second": 39.684,
      "step": 15500
    },
    {
      "epoch": 0.8,
      "learning_rate": 3.7026466009340946e-05,
      "loss": 1.4615,
      "step": 16000
    },
    {
      "epoch": 0.8,
      "eval_accuracy": 0.6566021291166034,
      "eval_loss": 1.458272933959961,
      "eval_runtime": 101.0952,
      "eval_samples_per_second": 794.449,
      "eval_steps_per_second": 39.725,
      "step": 16000
    },
    {
      "epoch": 0.82,
      "learning_rate": 3.6607964912868076e-05,
      "loss": 1.4162,
      "step": 16500
    },
    {
      "epoch": 0.82,
      "eval_accuracy": 0.6586938927971113,
      "eval_loss": 1.4462133646011353,
      "eval_runtime": 101.4225,
      "eval_samples_per_second": 791.885,
      "eval_steps_per_second": 39.597,
      "step": 16500
    },
    {
      "epoch": 0.85,
      "learning_rate": 3.6189463816395205e-05,
      "loss": 1.4537,
      "step": 17000
    },
    {
      "epoch": 0.85,
      "eval_accuracy": 0.6583203635684493,
      "eval_loss": 1.430258870124817,
      "eval_runtime": 100.9933,
      "eval_samples_per_second": 795.251,
      "eval_steps_per_second": 39.765,
      "step": 17000
    },
    {
      "epoch": 0.87,
      "learning_rate": 3.577096271992233e-05,
      "loss": 1.4487,
      "step": 17500
    },
    {
      "epoch": 0.87,
      "eval_accuracy": 0.6610844798605491,
      "eval_loss": 1.4200268983840942,
      "eval_runtime": 101.3022,
      "eval_samples_per_second": 792.826,
      "eval_steps_per_second": 39.644,
      "step": 17500
    },
    {
      "epoch": 0.9,
      "learning_rate": 3.535246162344946e-05,
      "loss": 1.4297,
      "step": 18000
    },
    {
      "epoch": 0.9,
      "eval_accuracy": 0.6605490879661333,
      "eval_loss": 1.4157369136810303,
      "eval_runtime": 101.1728,
      "eval_samples_per_second": 793.84,
      "eval_steps_per_second": 39.694,
      "step": 18000
    },
    {
      "epoch": 0.92,
      "learning_rate": 3.4933960526976586e-05,
      "loss": 1.4612,
      "step": 18500
    },
    {
      "epoch": 0.92,
      "eval_accuracy": 0.6649567328643466,
      "eval_loss": 1.4007537364959717,
      "eval_runtime": 101.3753,
      "eval_samples_per_second": 792.254,
      "eval_steps_per_second": 39.615,
      "step": 18500
    },
    {
      "epoch": 0.95,
      "learning_rate": 3.451545943050371e-05,
      "loss": 1.4125,
      "step": 19000
    },
    {
      "epoch": 0.95,
      "eval_accuracy": 0.664608105584262,
      "eval_loss": 1.3958802223205566,
      "eval_runtime": 101.0876,
      "eval_samples_per_second": 794.509,
      "eval_steps_per_second": 39.728,
      "step": 19000
    },
    {
      "epoch": 0.97,
      "learning_rate": 3.409695833403084e-05,
      "loss": 1.3971,
      "step": 19500
    },
    {
      "epoch": 0.97,
      "eval_accuracy": 0.666127124447488,
      "eval_loss": 1.3908801078796387,
      "eval_runtime": 101.2771,
      "eval_samples_per_second": 793.023,
      "eval_steps_per_second": 39.654,
      "step": 19500
    },
    {
      "epoch": 1.0,
      "learning_rate": 3.367845723755796e-05,
      "loss": 1.4001,
      "step": 20000
    },
    {
      "epoch": 1.0,
      "eval_accuracy": 0.6660773205503331,
      "eval_loss": 1.3842741250991821,
      "eval_runtime": 101.1927,
      "eval_samples_per_second": 793.684,
      "eval_steps_per_second": 39.687,
      "step": 20000
    },
    {
      "epoch": 1.02,
      "learning_rate": 3.325995614108509e-05,
      "loss": 1.3542,
      "step": 20500
    },
    {
      "epoch": 1.02,
      "eval_accuracy": 0.6674344767478055,
      "eval_loss": 1.3741463422775269,
      "eval_runtime": 101.3218,
      "eval_samples_per_second": 792.673,
      "eval_steps_per_second": 39.636,
      "step": 20500
    },
    {
      "epoch": 1.05,
      "learning_rate": 3.284145504461222e-05,
      "loss": 1.3802,
      "step": 21000
    },
    {
      "epoch": 1.05,
      "eval_accuracy": 0.6648197721471705,
      "eval_loss": 1.3697255849838257,
      "eval_runtime": 101.1448,
      "eval_samples_per_second": 794.059,
      "eval_steps_per_second": 39.705,
      "step": 21000
    },
    {
      "epoch": 1.07,
      "learning_rate": 3.242295394813934e-05,
      "loss": 1.3262,
      "step": 21500
    },
    {
      "epoch": 1.07,
      "eval_accuracy": 0.6660026147046006,
      "eval_loss": 1.3616098165512085,
      "eval_runtime": 101.2402,
      "eval_samples_per_second": 793.312,
      "eval_steps_per_second": 39.668,
      "step": 21500
    },
    {
      "epoch": 1.1,
      "learning_rate": 3.200445285166647e-05,
      "loss": 1.3486,
      "step": 22000
    },
    {
      "epoch": 1.1,
      "eval_accuracy": 0.6652057523501214,
      "eval_loss": 1.3621457815170288,
      "eval_runtime": 101.1239,
      "eval_samples_per_second": 794.224,
      "eval_steps_per_second": 39.714,
      "step": 22000
    },
    {
      "epoch": 1.12,
      "learning_rate": 3.15859517551936e-05,
      "loss": 1.3479,
      "step": 22500
    },
    {
      "epoch": 1.12,
      "eval_accuracy": 0.6699495735541307,
      "eval_loss": 1.3490816354751587,
      "eval_runtime": 101.3348,
      "eval_samples_per_second": 792.571,
      "eval_steps_per_second": 39.631,
      "step": 22500
    },
    {
      "epoch": 1.15,
      "learning_rate": 3.1167450658720724e-05,
      "loss": 1.3031,
      "step": 23000
    },
    {
      "epoch": 1.15,
      "eval_accuracy": 0.6688787897652991,
      "eval_loss": 1.3497645854949951,
      "eval_runtime": 101.1251,
      "eval_samples_per_second": 794.214,
      "eval_steps_per_second": 39.713,
      "step": 23000
    },
    {
      "epoch": 1.17,
      "learning_rate": 3.074894956224785e-05,
      "loss": 1.3172,
      "step": 23500
    },
    {
      "epoch": 1.17,
      "eval_accuracy": 0.6700616323227293,
      "eval_loss": 1.3439908027648926,
      "eval_runtime": 101.2516,
      "eval_samples_per_second": 793.222,
      "eval_steps_per_second": 39.664,
      "step": 23500
    },
    {
      "epoch": 1.2,
      "learning_rate": 3.033044846577498e-05,
      "loss": 1.3384,
      "step": 24000
    },
    {
      "epoch": 1.2,
      "eval_accuracy": 0.6710826122144058,
      "eval_loss": 1.3372915983200073,
      "eval_runtime": 101.197,
      "eval_samples_per_second": 793.65,
      "eval_steps_per_second": 39.685,
      "step": 24000
    },
    {
      "epoch": 1.22,
      "learning_rate": 2.9911947369302105e-05,
      "loss": 1.3041,
      "step": 24500
    },
    {
      "epoch": 1.22,
      "eval_accuracy": 0.6715682002116665,
      "eval_loss": 1.3335304260253906,
      "eval_runtime": 101.2706,
      "eval_samples_per_second": 793.073,
      "eval_steps_per_second": 39.656,
      "step": 24500
    },
    {
      "epoch": 1.25,
      "learning_rate": 2.9493446272829235e-05,
      "loss": 1.3089,
      "step": 25000
    },
    {
      "epoch": 1.25,
      "eval_accuracy": 0.6727012388719418,
      "eval_loss": 1.3293302059173584,
      "eval_runtime": 101.1232,
      "eval_samples_per_second": 794.229,
      "eval_steps_per_second": 39.714,
      "step": 25000
    },
    {
      "epoch": 1.27,
      "learning_rate": 2.907494517635636e-05,
      "loss": 1.3019,
      "step": 25500
    },
    {
      "epoch": 1.27,
      "eval_accuracy": 0.6735354541492872,
      "eval_loss": 1.3242576122283936,
      "eval_runtime": 101.2074,
      "eval_samples_per_second": 793.569,
      "eval_steps_per_second": 39.681,
      "step": 25500
    },
    {
      "epoch": 1.29,
      "learning_rate": 2.8656444079883494e-05,
      "loss": 1.3077,
      "step": 26000
    },
    {
      "epoch": 1.29,
      "eval_accuracy": 0.6732988856378012,
      "eval_loss": 1.318998098373413,
      "eval_runtime": 101.045,
      "eval_samples_per_second": 794.844,
      "eval_steps_per_second": 39.745,
      "step": 26000
    },
    {
      "epoch": 1.32,
      "learning_rate": 2.823794298341062e-05,
      "loss": 1.2965,
      "step": 26500
    },
    {
      "epoch": 1.32,
      "eval_accuracy": 0.6728880034862728,
      "eval_loss": 1.320591688156128,
      "eval_runtime": 101.347,
      "eval_samples_per_second": 792.475,
      "eval_steps_per_second": 39.626,
      "step": 26500
    },
    {
      "epoch": 1.34,
      "learning_rate": 2.7819441886937746e-05,
      "loss": 1.3025,
      "step": 27000
    },
    {
      "epoch": 1.34,
      "eval_accuracy": 0.6752412376268443,
      "eval_loss": 1.3109768629074097,
      "eval_runtime": 101.0531,
      "eval_samples_per_second": 794.78,
      "eval_steps_per_second": 39.741,
      "step": 27000
    },
    {
      "epoch": 1.37,
      "learning_rate": 2.7400940790464875e-05,
      "loss": 1.2759,
      "step": 27500
    },
    {
      "epoch": 1.37,
      "eval_accuracy": 0.6748801593724709,
      "eval_loss": 1.3095906972885132,
      "eval_runtime": 101.2793,
      "eval_samples_per_second": 793.005,
      "eval_steps_per_second": 39.653,
      "step": 27500
    },
    {
      "epoch": 1.39,
      "learning_rate": 2.6982439693992e-05,
      "loss": 1.2965,
      "step": 28000
    },
    {
      "epoch": 1.39,
      "eval_accuracy": 0.6727012388719418,
      "eval_loss": 1.3071037530899048,
      "eval_runtime": 101.0731,
      "eval_samples_per_second": 794.623,
      "eval_steps_per_second": 39.734,
      "step": 28000
    },
    {
      "epoch": 1.42,
      "learning_rate": 2.6563938597519127e-05,
      "loss": 1.3247,
      "step": 28500
    },
    {
      "epoch": 1.42,
      "eval_accuracy": 0.6760754529041898,
      "eval_loss": 1.3110054731369019,
      "eval_runtime": 101.3034,
      "eval_samples_per_second": 792.817,
      "eval_steps_per_second": 39.643,
      "step": 28500
    },
    {
      "epoch": 1.44,
      "learning_rate": 2.6145437501046256e-05,
      "loss": 1.2779,
      "step": 29000
    },
    {
      "epoch": 1.44,
      "eval_accuracy": 0.6742451596837452,
      "eval_loss": 1.30234956741333,
      "eval_runtime": 101.2005,
      "eval_samples_per_second": 793.623,
      "eval_steps_per_second": 39.684,
      "step": 29000
    },
    {
      "epoch": 1.47,
      "learning_rate": 2.5726936404573382e-05,
      "loss": 1.2835,
      "step": 29500
    },
    {
      "epoch": 1.47,
      "eval_accuracy": 0.6757641785469714,
      "eval_loss": 1.2979004383087158,
      "eval_runtime": 101.3432,
      "eval_samples_per_second": 792.505,
      "eval_steps_per_second": 39.628,
      "step": 29500
    },
    {
      "epoch": 1.49,
      "learning_rate": 2.530843530810051e-05,
      "loss": 1.2846,
      "step": 30000
    },
    {
      "epoch": 1.49,
      "eval_accuracy": 0.6771213347444438,
      "eval_loss": 1.2891727685928345,
      "eval_runtime": 101.1346,
      "eval_samples_per_second": 794.139,
      "eval_steps_per_second": 39.709,
      "step": 30000
    },
    {
      "epoch": 1.52,
      "learning_rate": 2.4889934211627635e-05,
      "loss": 1.266,
      "step": 30500
    },
    {
      "epoch": 1.52,
      "eval_accuracy": 0.6774077071530847,
      "eval_loss": 1.2900246381759644,
      "eval_runtime": 101.2614,
      "eval_samples_per_second": 793.145,
      "eval_steps_per_second": 39.66,
      "step": 30500
    },
    {
      "epoch": 1.54,
      "learning_rate": 2.4471433115154764e-05,
      "loss": 1.2914,
      "step": 31000
    },
    {
      "epoch": 1.54,
      "eval_accuracy": 0.6774699620245285,
      "eval_loss": 1.2876225709915161,
      "eval_runtime": 101.1528,
      "eval_samples_per_second": 793.996,
      "eval_steps_per_second": 39.702,
      "step": 31000
    },
    {
      "epoch": 1.57,
      "learning_rate": 2.405293201868189e-05,
      "loss": 1.2889,
      "step": 31500
    },
    {
      "epoch": 1.57,
      "eval_accuracy": 0.6759509431613023,
      "eval_loss": 1.289033055305481,
      "eval_runtime": 101.4183,
      "eval_samples_per_second": 791.918,
      "eval_steps_per_second": 39.598,
      "step": 31500
    },
    {
      "epoch": 1.59,
      "learning_rate": 2.3634430922209016e-05,
      "loss": 1.2617,
      "step": 32000
    },
    {
      "epoch": 1.59,
      "eval_accuracy": 0.6798356471393887,
      "eval_loss": 1.28101646900177,
      "eval_runtime": 100.9947,
      "eval_samples_per_second": 795.24,
      "eval_steps_per_second": 39.764,
      "step": 32000
    },
    {
      "epoch": 1.62,
      "learning_rate": 2.3215929825736142e-05,
      "loss": 1.2606,
      "step": 32500
    },
    {
      "epoch": 1.62,
      "eval_accuracy": 0.6808068231339103,
      "eval_loss": 1.2739198207855225,
      "eval_runtime": 101.1884,
      "eval_samples_per_second": 793.717,
      "eval_steps_per_second": 39.688,
      "step": 32500
    },
    {
      "epoch": 1.64,
      "learning_rate": 2.279742872926327e-05,
      "loss": 1.2802,
      "step": 33000
    },
    {
      "epoch": 1.64,
      "eval_accuracy": 0.6802589802652057,
      "eval_loss": 1.2754814624786377,
      "eval_runtime": 101.1658,
      "eval_samples_per_second": 793.894,
      "eval_steps_per_second": 39.697,
      "step": 33000
    },
    {
      "epoch": 1.67,
      "learning_rate": 2.23789276327904e-05,
      "loss": 1.2334,
      "step": 33500
    },
    {
      "epoch": 1.67,
      "eval_accuracy": 0.6795617257050364,
      "eval_loss": 1.27785062789917,
      "eval_runtime": 101.1956,
      "eval_samples_per_second": 793.661,
      "eval_steps_per_second": 39.686,
      "step": 33500
    },
    {
      "epoch": 1.69,
      "learning_rate": 2.1960426536317527e-05,
      "loss": 1.2585,
      "step": 34000
    },
    {
      "epoch": 1.69,
      "eval_accuracy": 0.6804457448795368,
      "eval_loss": 1.2744299173355103,
      "eval_runtime": 101.0434,
      "eval_samples_per_second": 794.857,
      "eval_steps_per_second": 39.745,
      "step": 34000
    },
    {
      "epoch": 1.72,
      "learning_rate": 2.1541925439844653e-05,
      "loss": 1.2555,
      "step": 34500
    },
    {
      "epoch": 1.72,
      "eval_accuracy": 0.6801344705223183,
      "eval_loss": 1.2691338062286377,
      "eval_runtime": 101.1547,
      "eval_samples_per_second": 793.982,
      "eval_steps_per_second": 39.702,
      "step": 34500
    },
    {
      "epoch": 1.74,
      "learning_rate": 2.1123424343371782e-05,
      "loss": 1.2695,
      "step": 35000
    },
    {
      "epoch": 1.74,
      "eval_accuracy": 0.6801593724708959,
      "eval_loss": 1.2657092809677124,
      "eval_runtime": 101.0304,
      "eval_samples_per_second": 794.959,
      "eval_steps_per_second": 39.75,
      "step": 35000
    },
    {
      "epoch": 1.77,
      "learning_rate": 2.0704923246898908e-05,
      "loss": 1.2556,
      "step": 35500
    },
    {
      "epoch": 1.77,
      "eval_accuracy": 0.6803336861109381,
      "eval_loss": 1.2627588510513306,
      "eval_runtime": 101.3031,
      "eval_samples_per_second": 792.819,
      "eval_steps_per_second": 39.643,
      "step": 35500
    },
    {
      "epoch": 1.79,
      "learning_rate": 2.0286422150426034e-05,
      "loss": 1.2357,
      "step": 36000
    },
    {
      "epoch": 1.79,
      "eval_accuracy": 0.6810682935939737,
      "eval_loss": 1.2601171731948853,
      "eval_runtime": 101.1069,
      "eval_samples_per_second": 794.357,
      "eval_steps_per_second": 39.72,
      "step": 36000
    },
    {
      "epoch": 1.82,
      "learning_rate": 1.986792105395316e-05,
      "loss": 1.2205,
      "step": 36500
    },
    {
      "epoch": 1.82,
      "eval_accuracy": 0.6821764303056714,
      "eval_loss": 1.2582225799560547,
      "eval_runtime": 101.3146,
      "eval_samples_per_second": 792.729,
      "eval_steps_per_second": 39.639,
      "step": 36500
    },
    {
      "epoch": 1.84,
      "learning_rate": 1.944941995748029e-05,
      "loss": 1.2521,
      "step": 37000
    },
    {
      "epoch": 1.84,
      "eval_accuracy": 0.6813297640540372,
      "eval_loss": 1.2593443393707275,
      "eval_runtime": 101.0095,
      "eval_samples_per_second": 795.123,
      "eval_steps_per_second": 39.759,
      "step": 37000
    },
    {
      "epoch": 1.87,
      "learning_rate": 1.9030918861007416e-05,
      "loss": 1.2307,
      "step": 37500
    },
    {
      "epoch": 1.87,
      "eval_accuracy": 0.6829608416858619,
      "eval_loss": 1.2585450410842896,
      "eval_runtime": 101.2305,
      "eval_samples_per_second": 793.388,
      "eval_steps_per_second": 39.672,
      "step": 37500
    },
    {
      "epoch": 1.89,
      "learning_rate": 1.861241776453454e-05,
      "loss": 1.257,
      "step": 38000
    },
    {
      "epoch": 1.89,
      "eval_accuracy": 0.6826993712257984,
      "eval_loss": 1.252602219581604,
      "eval_runtime": 101.1779,
      "eval_samples_per_second": 793.8,
      "eval_steps_per_second": 39.692,
      "step": 38000
    },
    {
      "epoch": 1.92,
      "learning_rate": 1.819391666806167e-05,
      "loss": 1.2446,
      "step": 38500
    },
    {
      "epoch": 1.92,
      "eval_accuracy": 0.6828487829172633,
      "eval_loss": 1.252709150314331,
      "eval_runtime": 101.1622,
      "eval_samples_per_second": 793.923,
      "eval_steps_per_second": 39.699,
      "step": 38500
    },
    {
      "epoch": 1.94,
      "learning_rate": 1.77754155715888e-05,
      "loss": 1.2073,
      "step": 39000
    },
    {
      "epoch": 1.94,
      "eval_accuracy": 0.6840067235261159,
      "eval_loss": 1.250016689300537,
      "eval_runtime": 101.0568,
      "eval_samples_per_second": 794.751,
      "eval_steps_per_second": 39.74,
      "step": 39000
    },
    {
      "epoch": 1.97,
      "learning_rate": 1.7356914475115927e-05,
      "loss": 1.2269,
      "step": 39500
    },
    {
      "epoch": 1.97,
      "eval_accuracy": 0.6831600572744817,
      "eval_loss": 1.2477701902389526,
      "eval_runtime": 101.1838,
      "eval_samples_per_second": 793.754,
      "eval_steps_per_second": 39.69,
      "step": 39500
    },
    {
      "epoch": 1.99,
      "learning_rate": 1.6938413378643053e-05,
      "loss": 1.2139,
      "step": 40000
    },
    {
      "epoch": 1.99,
      "eval_accuracy": 0.6833219199402353,
      "eval_loss": 1.2479677200317383,
      "eval_runtime": 101.1955,
      "eval_samples_per_second": 793.662,
      "eval_steps_per_second": 39.686,
      "step": 40000
    },
    {
      "epoch": 2.02,
      "learning_rate": 1.651991228217018e-05,
      "loss": 1.2017,
      "step": 40500
    },
    {
      "epoch": 2.02,
      "eval_accuracy": 0.6829234887629957,
      "eval_loss": 1.2450473308563232,
      "eval_runtime": 101.2692,
      "eval_samples_per_second": 793.084,
      "eval_steps_per_second": 39.657,
      "step": 40500
    },
    {
      "epoch": 2.04,
      "learning_rate": 1.6101411185697308e-05,
      "loss": 1.2015,
      "step": 41000
    },
    {
      "epoch": 2.04,
      "eval_accuracy": 0.6834713316317002,
      "eval_loss": 1.2434903383255005,
      "eval_runtime": 100.9315,
      "eval_samples_per_second": 795.737,
      "eval_steps_per_second": 39.789,
      "step": 41000
    },
    {
      "epoch": 2.07,
      "learning_rate": 1.5682910089224434e-05,
      "loss": 1.1701,
      "step": 41500
    },
    {
      "epoch": 2.07,
      "eval_accuracy": 0.6844549586005105,
      "eval_loss": 1.2434093952178955,
      "eval_runtime": 101.184,
      "eval_samples_per_second": 793.752,
      "eval_steps_per_second": 39.69,
      "step": 41500
    },
    {
      "epoch": 2.09,
      "learning_rate": 1.526440899275156e-05,
      "loss": 1.1766,
      "step": 42000
    },
    {
      "epoch": 2.09,
      "eval_accuracy": 0.6842432920376019,
      "eval_loss": 1.243062973022461,
      "eval_runtime": 101.1762,
      "eval_samples_per_second": 793.813,
      "eval_steps_per_second": 39.693,
      "step": 42000
    },
    {
      "epoch": 2.12,
      "learning_rate": 1.4845907896278688e-05,
      "loss": 1.1794,
      "step": 42500
    },
    {
      "epoch": 2.12,
      "eval_accuracy": 0.6835086845545664,
      "eval_loss": 1.241079330444336,
      "eval_runtime": 101.2655,
      "eval_samples_per_second": 793.113,
      "eval_steps_per_second": 39.658,
      "step": 42500
    },
    {
      "epoch": 2.14,
      "learning_rate": 1.4427406799805815e-05,
      "loss": 1.1826,
      "step": 43000
    },
    {
      "epoch": 2.14,
      "eval_accuracy": 0.6840689783975596,
      "eval_loss": 1.241219162940979,
      "eval_runtime": 101.1921,
      "eval_samples_per_second": 793.688,
      "eval_steps_per_second": 39.687,
      "step": 43000
    },
    {
      "epoch": 2.17,
      "learning_rate": 1.4008905703332945e-05,
      "loss": 1.1931,
      "step": 43500
    },
    {
      "epoch": 2.17,
      "eval_accuracy": 0.6850277034177924,
      "eval_loss": 1.2384623289108276,
      "eval_runtime": 101.4888,
      "eval_samples_per_second": 791.368,
      "eval_steps_per_second": 39.571,
      "step": 43500
    },
    {
      "epoch": 2.19,
      "learning_rate": 1.359040460686007e-05,
      "loss": 1.2039,
      "step": 44000
    },
    {
      "epoch": 2.19,
      "eval_accuracy": 0.6844923115233768,
      "eval_loss": 1.236587643623352,
      "eval_runtime": 101.0951,
      "eval_samples_per_second": 794.45,
      "eval_steps_per_second": 39.725,
      "step": 44000
    },
    {
      "epoch": 2.22,
      "learning_rate": 1.3171903510387199e-05,
      "loss": 1.211,
      "step": 44500
    },
    {
      "epoch": 2.22,
      "eval_accuracy": 0.6842183900890245,
      "eval_loss": 1.235031008720398,
      "eval_runtime": 101.2737,
      "eval_samples_per_second": 793.049,
      "eval_steps_per_second": 39.655,
      "step": 44500
    },
    {
      "epoch": 2.24,
      "learning_rate": 1.2753402413914326e-05,
      "loss": 1.2289,
      "step": 45000
    },
    {
      "epoch": 2.24,
      "eval_accuracy": 0.6849903504949262,
      "eval_loss": 1.2321799993515015,
      "eval_runtime": 101.1146,
      "eval_samples_per_second": 794.297,
      "eval_steps_per_second": 39.717,
      "step": 45000
    },
    {
      "epoch": 2.27,
      "learning_rate": 1.2334901317441452e-05,
      "loss": 1.1871,
      "step": 45500
    },
    {
      "epoch": 2.27,
      "eval_accuracy": 0.6856253501836519,
      "eval_loss": 1.2334622144699097,
      "eval_runtime": 101.2426,
      "eval_samples_per_second": 793.292,
      "eval_steps_per_second": 39.667,
      "step": 45500
    },
    {
      "epoch": 2.29,
      "learning_rate": 1.191640022096858e-05,
      "loss": 1.1607,
      "step": 46000
    },
    {
      "epoch": 2.29,
      "eval_accuracy": 0.6864097615638424,
      "eval_loss": 1.230541706085205,
      "eval_runtime": 101.0582,
      "eval_samples_per_second": 794.74,
      "eval_steps_per_second": 39.739,
      "step": 46000
    },
    {
      "epoch": 2.32,
      "learning_rate": 1.1497899124495706e-05,
      "loss": 1.1761,
      "step": 46500
    },
    {
      "epoch": 2.32,
      "eval_accuracy": 0.6872564278154766,
      "eval_loss": 1.227376937866211,
      "eval_runtime": 101.2361,
      "eval_samples_per_second": 793.343,
      "eval_steps_per_second": 39.67,
      "step": 46500
    },
    {
      "epoch": 2.34,
      "learning_rate": 1.1079398028022835e-05,
      "loss": 1.1815,
      "step": 47000
    },
    {
      "epoch": 2.34,
      "eval_accuracy": 0.686521820332441,
      "eval_loss": 1.2277494668960571,
      "eval_runtime": 101.1229,
      "eval_samples_per_second": 794.232,
      "eval_steps_per_second": 39.714,
      "step": 47000
    },
    {
      "epoch": 2.37,
      "learning_rate": 1.0660896931549961e-05,
      "loss": 1.1911,
      "step": 47500
    },
    {
      "epoch": 2.37,
      "eval_accuracy": 0.6853638797235884,
      "eval_loss": 1.2284013032913208,
      "eval_runtime": 101.2343,
      "eval_samples_per_second": 793.358,
      "eval_steps_per_second": 39.67,
      "step": 47500
    },
    {
      "epoch": 2.39,
      "learning_rate": 1.0242395835077089e-05,
      "loss": 1.1784,
      "step": 48000
    },
    {
      "epoch": 2.39,
      "eval_accuracy": 0.6867334868953495,
      "eval_loss": 1.2264454364776611,
      "eval_runtime": 101.0567,
      "eval_samples_per_second": 794.752,
      "eval_steps_per_second": 39.74,
      "step": 48000
    },
    {
      "epoch": 2.42,
      "learning_rate": 9.823894738604215e-06,
      "loss": 1.1602,
      "step": 48500
    },
    {
      "epoch": 2.42,
      "eval_accuracy": 0.6873933885326526,
      "eval_loss": 1.225655198097229,
      "eval_runtime": 101.2249,
      "eval_samples_per_second": 793.431,
      "eval_steps_per_second": 39.674,
      "step": 48500
    },
    {
      "epoch": 2.44,
      "learning_rate": 9.405393642131343e-06,
      "loss": 1.1836,
      "step": 49000
    },
    {
      "epoch": 2.44,
      "eval_accuracy": 0.686994957355413,
      "eval_loss": 1.224380612373352,
      "eval_runtime": 101.3929,
      "eval_samples_per_second": 792.117,
      "eval_steps_per_second": 39.608,
      "step": 49000
    },
    {
      "epoch": 2.47,
      "learning_rate": 8.98689254565847e-06,
      "loss": 1.1477,
      "step": 49500
    },
    {
      "epoch": 2.47,
      "eval_accuracy": 0.6871443690468779,
      "eval_loss": 1.2226687669754028,
      "eval_runtime": 101.1256,
      "eval_samples_per_second": 794.21,
      "eval_steps_per_second": 39.713,
      "step": 49500
    },
    {
      "epoch": 2.49,
      "learning_rate": 8.568391449185598e-06,
      "loss": 1.1635,
      "step": 50000
    },
    {
      "epoch": 2.49,
      "eval_accuracy": 0.6872564278154766,
      "eval_loss": 1.2235455513000488,
      "eval_runtime": 101.138,
      "eval_samples_per_second": 794.113,
      "eval_steps_per_second": 39.708,
      "step": 50000
    }
  ],
  "max_steps": 60237,
  "num_train_epochs": 3,
  "total_flos": 4607563415937360.0,
  "trial_name": null,
  "trial_params": null
}
